Model,Accuracy,Precision,Recall,F1 Score,CV Mean F1,CV Std F1
Logistic Regression,0.852,0.0,0.0,0.0,0.0,0.0
Decision Tree,0.732,0.18421052631578946,0.23648648648648649,0.20710059171597633,0.20722949458138026,0.035524464166818634
Random Forest,0.849,0.2,0.006756756756756757,0.013071895424836602,0.016235236999130855,0.010202078962604015
Gradient Boosting,0.851,0.3333333333333333,0.006756756756756757,0.013245033112582781,0.019414409219871993,0.006825017160621113
